region,year,milk_production_tons,cows_heads,fodder_sown_area_ha,land_total_ha,cows_dairy_buffaloes_stock_heads,TE
Absheron district,2005,25201.0,10120.0,1128.0,25237.0,10120.0,0.8557953040546543
Absheron district,2008,30846.0,10481.0,796.0,25237.0,10481.0,0.8811278184312924
Absheron district,2009,32280.0,10535.0,521.0,23518.0,10535.0,0.8842668225592066
Absheron district,2010,32931.0,11740.0,522.0,22421.0,11740.0,0.8705142093711725
Absheron district,2011,40807.0,11972.0,338.0,22759.6,11972.0,0.8957436030095265
Absheron district,2012,40800.0,12201.0,351.0,22413.0,12201.0,0.8938273433010554
Absheron district,2013,40955.0,12133.0,382.0,22053.0,12133.0,0.8959987460822558
Absheron district,2014,40637.0,12153.0,463.0,21864.71,12153.0,0.8964268854432829
Absheron district,2015,42861.0,13398.0,101.0,21869.74,13398.0,0.8773622366361653
Absheron district,2016,49389.0,13461.0,114.0,2474.54,13461.0,0.9223209383338938
Absheron district,2017,48986.0,13357.0,247.0,2046.04,13357.0,0.9258115762956033
Absheron district,2018,52426.0,13149.0,167.0,2824.54,13149.0,0.9289137360425012
Absheron district,2019,49501.0,13184.0,135.0,2826.0,13184.0,0.9237460110089624
Absheron district,2020,49719.0,13155.0,187.3,140.0,13155.0,0.9345342493517143
Absheron district,2021,50370.0,13151.0,298.3,3081.0,13151.0,0.9272704491373445
Absheron district,2022,51186.0,14030.0,159.8,3220.0,14030.0,0.9213943811550115
Absheron district,2023,54440.0,11296.0,179.1,4151.0,11296.0,0.9384941290794755
Absheron district,2024,41695.0,11486.0,165.1,4481.0,11486.0,0.917662883917565
Agdash district,2005,26912.0,19123.0,11802.0,9716.0,29979.0,0.738493078377299
Agdash district,2008,30285.0,22492.0,11035.0,7651.0,33746.0,0.7240085711644937
Agdash district,2009,32417.0,22828.0,12690.0,15111.0,34312.0,0.724588878911271
Agdash district,2010,33297.0,23056.0,13728.0,7695.0,34629.0,0.7496968920656315
Agdash district,2011,34323.0,23541.0,12718.0,7792.84,35179.0,0.751867575697284
Agdash district,2012,38208.0,23937.0,12398.0,7946.0,35727.0,0.7810499695275138
Agdash district,2013,39789.0,24528.0,11534.0,7780.04,36340.0,0.7858825762784909
Agdash district,2014,42691.0,24755.0,12872.0,8168.2,36886.0,0.8034059302711394
Agdash district,2015,43761.0,24864.0,12301.0,9133.0,37077.0,0.8066852398469074
Agdash district,2016,55998.0,24275.0,8808.0,9118.0,35733.0,0.8680784306683516
Agdash district,2017,53344.0,23862.0,7742.0,9096.0,34334.0,0.8620080667165702
Agdash district,2018,52656.0,22314.0,7235.0,9075.0,31727.0,0.8721508860155593
Agdash district,2019,58027.0,23285.0,8997.0,11075.0,32134.0,0.8789895992794395
Agdash district,2020,59319.0,24291.0,9449.0,10925.0,32509.0,0.875698522675898
Agdash district,2021,60772.0,24476.0,9931.0,11075.0,31997.0,0.878330929081534
Agdash district,2022,63608.0,26116.0,10572.0,11167.0,32866.0,0.8747881160820865
Agdash district,2023,61865.0,24920.0,10346.5,11192.0,31196.0,0.8781542055823265
Agdash district,2024,59824.0,23996.0,10109.8,11256.0,29982.0,0.8789626179024637
Aghdam district,2005,21941.0,13499.0,3795.0,2219.0,13991.0,0.8135388293062411
Aghdam district,2008,25649.0,13901.0,6447.0,3575.0,14347.0,0.8422938954376523
Aghdam district,2009,26726.0,14515.0,6813.0,11957.0,14856.0,0.8196773144487448
Aghdam district,2010,26856.0,14528.0,7325.0,14411.0,14930.0,0.8170921064913422
Aghdam district,2011,27100.0,14904.0,8069.0,13111.0,15200.0,0.8153117278781685
Aghdam district,2012,27605.0,16527.0,7645.0,11612.0,16850.0,0.7905239770202405
Aghdam district,2013,31362.0,17389.0,8287.0,11742.0,17757.0,0.8120238158142081
Aghdam district,2014,32576.0,17879.0,8742.0,11571.0,18135.0,0.8149777314110149
Aghdam district,2015,33312.0,18295.0,8882.0,10815.0,18400.0,0.8159387047628643
Aghdam district,2016,34168.0,18596.0,8314.0,7995.0,18691.0,0.8237207711999541
Aghdam district,2017,34612.0,18751.0,7561.0,10582.0,18844.0,0.8183405004465129
Aghdam district,2018,35866.0,19059.0,8185.0,10489.0,19147.0,0.8238499516406405
Aghdam district,2019,37873.0,19079.0,8409.0,9751.0,19165.0,0.8385120224527097
Aghdam district,2020,38843.0,19484.0,10002.2,20.0,19577.0,0.8428941699087434
Aghdam district,2021,40211.0,20028.0,10440.1,15.0,20124.0,0.8384809597619072
Aghdam district,2022,41823.0,20612.0,10476.3,16.0,20707.0,0.8414455631709022
Aghdam district,2023,43727.0,21302.0,11232.0,25013.0,21392.0,0.826294390705686
Aghdam district,2024,45480.0,21870.0,9755.9,25013.0,21931.0,0.8281766939268782
Aghdara district,2024,137.0,2093.0,379.7,1090.0,2219.0,0.12326434500257936
Aghjabadi district,2005,47750.0,32948.0,19399.0,11803.0,39179.0,0.7350561378884327
Aghjabadi district,2008,48040.0,33610.0,29854.0,11803.0,39992.0,0.7297852264258761
Aghjabadi district,2009,48072.0,34187.0,26417.0,14884.0,40093.0,0.7171117213610274
Aghjabadi district,2010,48342.0,34220.0,27838.0,18900.0,40107.0,0.7116337999603942
Aghjabadi district,2011,48526.0,34777.0,28663.0,11532.0,40315.0,0.721059522702347
Aghjabadi district,2012,50236.0,36664.0,28043.0,11473.0,42347.0,0.7137941816247413
Aghjabadi district,2013,57915.0,36705.0,27446.0,14644.0,42461.0,0.7580178931597236
Aghjabadi district,2014,66545.0,37020.0,29623.0,14821.0,42797.0,0.7990183057608368
Aghjabadi district,2015,89088.0,37158.0,33025.0,14621.0,42955.0,0.867140600812561
Aghjabadi district,2016,101287.0,38429.0,29176.0,14155.0,44251.0,0.8833344794194548
Aghjabadi district,2017,101596.0,38680.0,23106.0,14155.0,44551.0,0.882983606963757
Aghjabadi district,2018,101710.0,38463.0,19821.0,20175.0,44612.0,0.8795574771403665
Aghjabadi district,2019,123886.0,38572.0,22071.0,20621.0,42513.0,0.9054050509241826
Aghjabadi district,2020,126642.0,38251.0,23783.9,12278.0,41702.0,0.9129517788966444
Aghjabadi district,2021,127030.0,38467.0,24753.5,12024.0,41658.0,0.9128162513043836
Aghjabadi district,2022,138810.0,42610.0,24966.0,13226.0,45366.0,0.9106526813139119
Aghjabadi district,2023,155630.0,46658.0,17506.2,13987.0,49112.0,0.9131572281597242
Aghjabadi district,2024,167207.0,50276.0,20516.3,14031.0,52696.0,0.9128370288334455
Aghstafa district,2005,10512.0,8326.0,900.0,27737.0,10421.0,0.6324216896930915
Aghstafa district,2008,11047.0,8833.0,5503.0,6896.0,11068.0,0.7287715149899213
Aghstafa district,2009,11072.0,9034.0,6685.0,6280.0,11340.0,0.7267952167801758
Aghstafa district,2010,13644.0,9153.0,7057.0,6249.0,11427.0,0.7930889673098773
Aghstafa district,2011,13862.0,9276.0,6097.0,8042.0,11543.0,0.7846107571180183
Aghstafa district,2012,14863.0,9369.0,5536.0,8044.0,11627.0,0.800417648556174
Aghstafa district,2013,16092.0,9415.0,6920.0,8433.0,11665.0,0.8232284799417845
Aghstafa district,2014,16334.0,9476.0,5341.0,8655.0,11734.0,0.8206319104714759
Aghstafa district,2015,16642.0,9601.0,6455.0,8655.0,11796.0,0.8244225382738731
Aghstafa district,2016,16985.0,9606.0,6088.0,7632.0,11840.0,0.8310593403429455
Aghstafa district,2017,17112.0,9642.0,5157.0,6262.0,11881.0,0.8332465275154846
Aghstafa district,2018,17170.0,9669.0,5487.0,8991.5,11907.0,0.827064860277952
Aghstafa district,2019,17245.0,9696.0,5362.0,3301.0,11938.0,0.8440547489042634
Aghstafa district,2020,17317.0,9712.0,5214.0,3318.0,11954.0,0.8441768076526385
Aghstafa district,2021,17370.0,9717.0,5058.0,3869.0,11965.0,0.8422511317807932
Aghstafa district,2022,17621.0,9763.0,4730.5,3869.0,12018.0,0.8434818563174151
Aghstafa district,2023,18077.0,10137.0,4214.6,3869.0,12303.0,0.8381589115737551
Aghstafa district,2024,18154.0,10766.0,4543.0,1139.0,12159.0,0.8380888927846721
Aghsu district,2005,22724.0,13271.0,1520.0,140.0,17731.0,0.8364642341519475
Aghsu district,2008,23347.0,14015.0,592.0,162.0,18368.0,0.8263888540410667
Aghsu district,2009,23396.0,14262.0,875.0,162.0,18523.0,0.8236448898222594
Aghsu district,2010,24177.0,14506.0,941.0,190.0,18654.0,0.827781961948314
Aghsu district,2011,25019.0,14736.0,1027.0,85.4,18719.0,0.8307402923967826
Aghsu district,2012,25545.0,14864.0,790.0,818.0,18764.0,0.8271891159649974
Aghsu district,2013,26979.0,15010.0,739.0,965.52,18821.0,0.8360722500059719
Aghsu district,2014,27892.0,15184.0,870.0,2593.53,18840.0,0.82929620061598
Aghsu district,2015,29419.0,15341.0,1294.0,2901.52,18867.0,0.8407081784833809
Aghsu district,2016,29654.0,15430.0,1038.0,3464.52,18901.0,0.8367250049132259
Aghsu district,2017,30010.0,15534.0,2302.0,3854.22,18368.0,0.8420677800407023
Aghsu district,2018,30165.0,15863.0,1282.0,2182.82,18421.0,0.8426215393417369
Aghsu district,2019,30354.0,16126.0,1066.0,2180.0,18453.0,0.8391275466116842
Aghsu district,2020,31187.0,16510.0,842.6,3005.0,18622.0,0.833503279089539
Aghsu district,2021,31531.0,16857.0,886.2,3913.0,18895.0,0.8267592884461603
Aghsu district,2022,31120.0,16880.0,980.8,4139.0,18906.0,0.8227497412783065
Aghsu district,2023,31765.0,17012.0,846.4,4133.0,18926.0,0.8249348052607702
Aghsu district,2024,32260.0,16489.0,959.4,4132.0,18645.0,0.837228559011526
Astara district,2008,18620.0,22049.0,395.0,518.0,22521.0,0.5856973695826486
Astara district,2009,19365.0,21793.0,675.0,474.0,22298.0,0.6059685201075011
Astara district,2010,21108.0,22027.0,997.0,480.0,22374.0,0.6352281689463436
Astara district,2011,21578.0,22011.0,906.0,317.7,22233.0,0.6469338011362902
Astara district,2012,29863.0,22035.0,1005.0,413.0,22238.0,0.7657309305594705
Astara district,2013,29925.0,22067.0,1142.0,596.6,22277.0,0.7631972941925194
Astara district,2014,30010.0,22084.0,1111.0,630.1,22300.0,0.7633853161519861
Astara district,2015,30126.0,22095.0,1124.0,635.8,22329.0,0.7644404483804956
Astara district,2016,30166.0,22080.0,1303.0,597.4,22331.0,0.7657358554927203
Astara district,2017,30186.0,19768.0,1132.0,545.8,20079.0,0.8003622536439365
Astara district,2018,27164.0,19769.0,1332.0,883.9,20015.0,0.7630212275291706
Astara district,2019,27338.0,19760.0,1336.0,893.0,20005.0,0.7652001025990836
Astara district,2020,27352.0,19602.0,1319.2,569.0,19866.0,0.7724349776213753
Astara district,2021,27626.0,19785.0,1349.4,538.0,19993.0,0.7731566199606118
Astara district,2022,27896.0,19601.0,1307.8,587.0,19819.0,0.7785378977971419
Astara district,2023,28175.0,18090.0,1353.3,511.0,18254.0,0.8067186443183748
Astara district,2024,25966.0,17888.0,1373.6,581.0,18072.0,0.784963756346018
Balakan district,2005,13964.0,13458.0,935.0,37592.0,16976.0,0.5369538712840382
Balakan district,2008,14107.0,13925.0,1769.0,36859.0,17368.0,0.5418909918014817
Balakan district,2009,14115.0,14153.0,2776.0,1611.0,17525.0,0.6433015972597685
Balakan district,2010,15625.0,14289.0,3416.0,1535.0,17513.0,0.6818834301605939
Balakan district,2011,15656.0,15107.0,3214.0,1535.9,18245.0,0.658817470881502
Balakan district,2012,16420.0,15272.0,2312.0,1536.0,18256.0,0.669714761729325
Balakan district,2013,18865.0,15485.0,2070.0,1289.7,18341.0,0.7190934016423028
Balakan district,2014,19996.0,15581.0,2402.0,1192.2,18363.0,0.740325212992963
Balakan district,2015,20556.0,15648.0,2864.0,1260.77,18443.0,0.7490625664598222
Balakan district,2016,20654.0,15607.0,3014.0,1432.87,17827.0,0.7502937447668983
Balakan district,2017,20784.0,15766.0,3085.0,1640.87,17845.0,0.746872933875944
Balakan district,2018,21065.0,15808.0,2800.0,1556.4,17697.0,0.7506255187640352
Balakan district,2019,21158.0,16300.0,2685.0,1258.0,18104.0,0.7436424117079907
Balakan district,2020,21690.0,16469.0,3096.0,575.0,18214.0,0.7571791305969267
Balakan district,2021,21929.0,15682.0,2986.0,637.0,17404.0,0.7771763185166654
Balakan district,2022,22180.0,12486.0,2968.0,637.0,13739.0,0.8466337084207285
Balakan district,2023,22312.0,12037.0,2663.0,390.0,13171.0,0.8574756280562253
Balakan district,2024,22373.0,11929.0,2863.0,880.0,12950.0,0.8569327112617567
Barda district,2005,38000.0,25079.0,15380.0,100.0,32248.0,0.7848016415752713
Barda district,2008,44100.0,30416.0,27564.0,100.0,36008.0,0.760011860836163
Barda district,2009,46300.0,31186.0,27068.0,100.0,36943.0,0.767558478232513
Barda district,2010,47604.0,31714.0,34994.0,106.0,37550.0,0.7685506628171999
Barda district,2011,49964.0,32829.0,33387.0,106.0,38423.0,0.7728031488419553
Barda district,2012,51450.0,33809.0,29378.0,6.0,39297.0,0.691800382658077
Barda district,2013,57115.0,35803.0,31573.0,506.0,41185.0,0.7988371731756595
Barda district,2014,65433.0,36758.0,31041.0,227.0,42021.0,0.8250708142686005
Barda district,2015,69047.0,36852.0,33835.0,232.0,42042.0,0.8369390972349259
Barda district,2016,79830.0,37150.0,31204.0,11.2,42015.0,0.824293820508518
Barda district,2017,81536.0,38294.0,26641.0,571.0,42045.0,0.8675954661443227
Barda district,2018,82008.0,39542.0,26776.0,6.2,42635.0,0.7990151001295129
Barda district,2019,82618.0,39380.0,28783.0,20.0,42003.0,0.8322291691207451
Barda district,2020,89962.0,39321.0,28981.0,26.0,41945.0,0.8562330059479012
Barda district,2021,86540.0,41443.0,29431.0,54.0,43805.0,0.8472410576891668
Barda district,2022,93292.0,44064.0,27864.0,656.0,46270.0,0.8657298403575108
Barda district,2023,96741.0,45218.0,24786.0,649.0,47321.0,0.8684002118230763
Barda district,2024,100184.0,48023.0,25892.0,651.0,49957.0,0.8634234229751763
Beylagan district,2005,22725.0,20070.0,19538.0,7949.0,22638.0,0.6645166515713281
Beylagan district,2008,26733.0,23526.0,27501.0,8225.0,25307.0,0.6611389783452066
Beylagan district,2009,30360.0,24258.0,24825.0,8230.0,25975.0,0.6969037045667018
Beylagan district,2010,34768.0,24841.0,25326.0,8243.0,26358.0,0.7377648714573816
Beylagan district,2011,36350.0,25158.0,26233.0,8416.5,26581.0,0.7483208610039117
Beylagan district,2012,37740.0,25402.0,28775.0,8305.0,26788.0,0.758286626331133
Beylagan district,2013,38773.0,25693.0,28730.0,8285.5,27070.0,0.7632901874255676
Beylagan district,2014,39130.0,25751.0,24880.0,10900.5,27140.0,0.7587476922530055
Beylagan district,2015,39457.0,25856.0,28853.0,10153.5,27271.0,0.7623186467999123
Beylagan district,2016,39520.0,26205.0,24348.0,5275.4,27614.0,0.7710716686580333
Beylagan district,2017,39573.0,27273.0,21346.0,13604.4,27705.0,0.7347073930848388
Beylagan district,2018,39621.0,27438.0,20748.0,9954.4,27827.0,0.7411453299375226
Beylagan district,2019,39663.0,27890.0,22634.0,4472.0,28282.0,0.7526823371001793
Beylagan district,2020,39796.0,28148.0,22890.5,5448.0,28356.0,0.7467863203787296
Beylagan district,2021,39899.0,28346.0,23809.0,5493.0,28463.0,0.7449346506039188
Beylagan district,2022,39925.0,28314.0,23570.5,4231.0,28420.0,0.7503539390349679
Beylagan district,2023,39965.0,28114.0,21134.5,4095.0,28220.0,0.7538865311276541
Beylagan district,2024,40027.0,27857.0,21091.5,4069.0,27959.0,0.7578678185844594
Bilasuvar district,2005,14535.0,15109.0,3846.0,10537.0,18121.0,0.5837905359677293
Bilasuvar district,2008,14623.0,16557.0,7267.0,4858.0,19166.0,0.5793635248335013
Bilasuvar district,2009,22066.0,17057.0,7410.0,4895.0,19304.0,0.7245185063069263
Bilasuvar district,2010,23573.0,17413.0,7615.0,4125.0,19463.0,0.744362518282224
Bilasuvar district,2011,23781.0,17588.0,6746.0,4242.0,19510.0,0.7420131899404017
Bilasuvar district,2012,26955.0,17831.0,7675.0,4118.0,19652.0,0.7808622113152365
Bilasuvar district,2013,27314.0,18139.0,7863.0,4353.85,19895.0,0.7783082741017451
Bilasuvar district,2014,27392.0,18450.0,8555.0,4333.85,19992.0,0.7740101325783075
Bilasuvar district,2015,27693.0,18585.0,10158.0,4289.85,20187.0,0.7763611090689385
Bilasuvar district,2016,27995.0,18760.0,8064.0,13898.95,20260.0,0.7455381697060588
Bilasuvar district,2018,27105.0,18339.0,5562.0,8411.0,19464.0,0.7536098927240424
Bilasuvar district,2019,27165.0,18263.0,6289.0,2559.0,19393.0,0.7820319005719669
Bilasuvar district,2020,27202.0,18397.0,6404.3,2559.0,19525.0,0.7800961877937654
Bilasuvar district,2021,27376.0,18572.0,7288.3,2559.0,19586.0,0.7796284210316743
Bilasuvar district,2022,27472.0,18681.0,7635.2,2559.0,19603.0,0.7789962984035029
Bilasuvar district,2023,27496.0,18713.0,7467.7,2559.0,19509.0,0.7785683669027235
Bilasuvar district,2024,27511.0,18741.0,7598.0,102.0,19528.0,0.7863287891059175
Dashkasan district,2008,19025.0,12777.0,75.0,304.0,13002.0,0.7781000511736574
Dashkasan district,2009,19032.0,13137.0,80.0,270.0,13316.0,0.7717031898554337
Dashkasan district,2010,19341.0,13375.0,85.0,270.0,13563.0,0.7720269891164905
Dashkasan district,2011,20213.0,13584.0,100.0,270.0,13766.0,0.7827687918175175
Dashkasan district,2012,20527.0,13792.0,442.0,270.0,13962.0,0.7925528271842553
Dashkasan district,2013,21511.0,14015.0,362.0,270.0,14185.0,0.8006134701830916
Dashkasan district,2014,21516.0,13870.0,298.0,270.0,14047.0,0.802562824711778
Dashkasan district,2015,22713.0,13199.0,49.0,270.0,13350.0,0.8191223706669368
Dashkasan district,2016,22892.0,13436.0,256.0,720.0,13595.0,0.8184276044839613
Dashkasan district,2017,23548.0,12307.0,251.0,720.0,12433.0,0.8459082220430895
Dashkasan district,2018,22763.0,11470.0,282.0,720.0,11628.0,0.8544092051437638
Dashkasan district,2019,22174.0,10639.0,160.0,620.0,10751.0,0.8611006421922761
Dashkasan district,2020,22054.0,11539.0,160.0,420.0,11657.0,0.8469432642549567
Fuzuli district,2005,7750.0,7731.0,3411.0,2987.0,8630.0,0.664163704063373
Fuzuli district,2008,6420.0,12729.0,6500.0,2800.0,13702.0,0.4169703941058509
Fuzuli district,2009,6757.0,13347.0,4064.0,2800.0,14437.0,0.4120623657921181
Fuzuli district,2010,7631.0,13757.0,7223.0,3872.0,14801.0,0.43696588017159493
Fuzuli district,2011,9615.0,13988.0,6447.0,4182.0,14798.0,0.4994656403293092
Fuzuli district,2012,11628.0,13999.0,6884.0,4547.0,14830.0,0.5638504516002212
Fuzuli district,2013,17404.0,14049.0,6638.0,3686.0,14867.0,0.7206539050821426
Fuzuli district,2014,17869.0,14626.0,5287.0,3415.0,15460.0,0.7128719670067426
Fuzuli district,2015,20321.0,14821.0,5975.0,4054.0,15690.0,0.7518549680823678
Fuzuli district,2016,23199.0,14992.0,6040.0,3568.0,15857.0,0.7933894214084928
Fuzuli district,2017,24560.0,15067.0,6216.0,13979.0,16028.0,0.7778736686293534
Fuzuli district,2018,27916.0,15195.0,5787.0,17452.0,16030.0,0.8064820927616275
Fuzuli district,2019,28135.0,15306.0,6279.0,16845.0,16120.0,0.8083967536894398
Fuzuli district,2020,28293.0,15350.0,6957.0,16.0,16228.0,0.8283048036388717
Fuzuli district,2021,28599.0,15349.0,6721.0,2345.0,16227.0,0.847389640428961
Fuzuli district,2022,28747.0,15412.0,6928.0,23720.0,16289.0,0.8038729574194218
Fuzuli district,2023,29291.0,12770.0,7126.9,4611.0,13630.0,0.8828925104660538
Gabala district,2005,24503.0,22753.0,1000.0,606.0,24934.0,0.6788730492808056
Gabala district,2008,25473.0,23891.0,1569.0,790.0,25730.0,0.6726913568024698
Gabala district,2009,25608.0,24232.0,1282.0,800.0,25973.0,0.6693458427356241
Gabala district,2010,25658.0,24489.0,1637.0,1207.0,26060.0,0.6603725435541831
Gabala district,2011,26127.0,24620.0,1922.0,1367.3,26135.0,0.66351832401137
Gabala district,2012,27487.0,24863.0,1661.0,1368.0,26256.0,0.6794182102971197
Gabala district,2013,35130.0,26749.0,1665.0,1945.45,28102.0,0.7389299582620326
Gabala district,2014,37385.0,24187.0,1505.0,1936.6,25138.0,0.7915250148129869
Gabala district,2015,36591.0,24192.0,2037.0,2598.1,25057.0,0.7804383048992684
Gabala district,2016,38855.0,23232.0,1972.0,35771.3,23746.0,0.7337000179985684
Gabala district,2017,40313.0,22658.0,1599.0,4374.8,23183.0,0.8166813960459319
Gabala district,2018,40472.0,22019.0,1218.0,3395.4,22550.0,0.828381951559167
Gabala district,2019,40502.0,21729.0,1438.0,3318.0,22301.0,0.8327405330073394
Gabala district,2020,41283.0,21314.0,1396.7,1144.0,21858.0,0.8540070942332159
Gabala district,2021,40892.0,20924.0,1174.5,1056.0,21301.0,0.8561227631394397
Gabala district,2022,40129.0,19865.0,1035.0,4204.0,20192.0,0.845433365006815
Gabala district,2023,40343.0,18489.0,1036.1,4351.0,18761.0,0.8605371662782489
Gabala district,2024,41508.0,17262.0,997.3,4877.0,17692.0,0.8760366893289457
Gadabay district,2015,43139.0,26083.0,39.0,277.0,26183.0,0.8350258069161184
Gadabay district,2016,43786.0,23423.0,57.0,277.0,23515.0,0.8570086672501375
Gadabay district,2017,42816.0,23702.0,10.0,5.0,23783.0,0.8473030058195713
Gadabay district,2018,50392.0,21614.0,10.0,205.5,21712.0,0.8923470242190588
Gadabay district,2019,47483.0,21962.0,24.0,206.0,22072.0,0.8822197742729512
Gadabay district,2020,47512.0,22001.0,30.0,180.0,22120.0,0.882715640684129
Gadabay district,2021,47618.0,22499.0,40.4,172.0,22578.0,0.88034600065831
Gadabay district,2022,47914.0,21085.0,10.0,200.0,21182.0,0.8880550971320236
Gadabay district,2023,48633.0,20401.0,45.0,60.0,20482.0,0.8963225213147586
Gadabay district,2024,48487.0,19909.0,53.3,170.0,20026.0,0.8973505777571076
Gakh district,2005,9215.0,10282.0,482.0,327.0,12567.0,0.6087218833921079
Gakh district,2008,9636.0,11231.0,2464.0,222.0,13376.0,0.6088681822187809
Gakh district,2009,9646.0,12170.0,3293.0,181.0,14142.0,0.5775248402774199
Gakh district,2010,11216.0,12279.0,2723.0,158.0,14168.0,0.6293558367811034
Gakh district,2011,11352.0,11161.0,2045.0,182.18,12767.0,0.6732095162892956
Gakh district,2012,14969.0,11329.0,1997.0,32.0,12973.0,0.7530137410636866
Gakh district,2013,15698.0,11490.0,2201.0,34.14,12985.0,0.7651550568584337
Gakh district,2014,15733.0,11067.0,2619.0,254.4,12440.0,0.7942537503470112
Gakh district,2015,15857.0,10840.0,3862.0,367.14,12028.0,0.8058381221424552
Gakh district,2016,15937.0,10826.0,3555.0,375.14,11883.0,0.8069631849385186
Gakh district,2017,15985.0,10314.0,2672.0,610.64,11345.0,0.8180759111868054
Gakh district,2018,16081.0,10863.0,2755.0,339.98,11923.0,0.8066266134044703
Gakh district,2019,16115.0,10940.0,2690.0,327.0,12015.0,0.8048906427149484
Gakh district,2020,16116.0,11047.0,2146.0,373.0,12145.0,0.7995840320737221
Gakh district,2021,16210.0,11290.0,2022.0,657.0,12383.0,0.7903037786049688
Gakh district,2022,16370.0,10397.0,1728.2,1349.0,11311.0,0.8100588560671725
Gakh district,2023,16380.0,10366.0,1554.0,1349.0,11264.0,0.8098820868763212
Gakh district,2024,16169.0,9835.0,1363.0,1179.0,10704.0,0.821966187756624
Gazakh district,2005,16500.0,11406.0,1649.0,5699.0,13426.0,0.751403422618152
Gazakh district,2008,17282.0,13146.0,6832.0,2496.0,15320.0,0.7526520476615695
Gazakh district,2009,18359.0,13615.0,7359.0,1225.0,15338.0,0.7701586008474378
Gazakh district,2010,23289.0,13512.0,7557.0,312.0,15459.0,0.8438212800592096
Gazakh district,2011,25124.0,13760.0,7725.0,67.0,15495.0,0.848607377634557
Gazakh district,2012,26344.0,13833.0,7015.0,67.0,15611.0,0.8571896469174137
Gazakh district,2013,27672.0,14011.0,7071.0,233.0,15762.0,0.8696335753516876
Gazakh district,2014,29002.0,14298.0,5783.0,206.0,15978.0,0.8732877009995333
Gazakh district,2015,30009.0,14411.0,6221.0,195.0,16070.0,0.8775345735344011
Gazakh district,2016,31172.0,14777.0,5666.0,200.0,16458.0,0.879109640359866
Gazakh district,2018,31212.0,15187.0,3572.0,33.0,16657.0,0.864001418758668
Gazakh district,2019,32055.0,15023.0,4154.0,33.0,16457.0,0.8708183412785239
Gazakh district,2023,31724.0,14821.0,4457.0,17.0,16054.0,0.8640351311182775
Gazakh district,2024,31724.0,14853.0,4416.0,17.0,15993.0,0.8636065495997298
Gobustan district,2005,12760.0,10900.0,1212.0,2483.0,11011.0,0.6914927179511893
Gobustan district,2008,14040.0,10972.0,18.0,2046.0,11085.0,0.6514739021600284
Gobustan district,2009,14545.0,11055.0,30.0,2046.0,11168.0,0.6729975009021633
Gobustan district,2010,14830.0,11092.0,33.0,2046.0,11205.0,0.681246366171042
Gobustan district,2011,15052.0,11133.0,24.0,2046.0,11246.0,0.6794016362729796
Gobustan district,2012,16885.0,11172.0,42.0,2046.0,11287.0,0.7322888935107915
Gobustan district,2013,17293.0,11207.0,33.0,2046.0,11327.0,0.7355079876192296
Gobustan district,2014,17601.0,11232.0,143.0,2046.0,11352.0,0.7658731087998257
Gobustan district,2015,18042.0,11271.0,273.0,2046.0,11393.0,0.7825501368704776
Gobustan district,2016,19756.0,11386.0,86.0,2046.0,11510.0,0.7908571731982065
Gobustan district,2017,20088.0,11452.0,84.0,2046.0,11578.0,0.7939122818955998
Gobustan district,2018,20319.0,12016.0,42.0,2046.0,12168.0,0.773449507428845
Gobustan district,2019,20758.0,12058.0,51.0,1217.0,12167.0,0.7946335569586757
Gobustan district,2020,21083.0,12988.0,27.0,1601.0,13108.0,0.7633161404723896
Gobustan district,2021,22436.0,13121.0,36.0,1701.0,13241.0,0.7829271747291995
Gobustan district,2022,22728.0,11178.0,27.0,1695.0,11306.0,0.8234811079991485
Gobustan district,2023,19542.0,10807.0,19.0,1690.0,10928.0,0.7839001977809869
Gobustan district,2024,18954.0,10687.0,15.0,1691.0,10833.0,0.7732961432332455
Goranboy district,2005,14645.0,15442.0,3058.0,909.0,16907.0,0.6307805494734207
Goranboy district,2008,15740.0,18699.0,5767.0,4361.0,20075.0,0.5588830705596426
Goranboy district,2009,18880.0,18861.0,9106.0,5030.0,20098.0,0.624058906702493
Goranboy district,2010,23619.0,19626.0,11186.0,5350.0,20857.0,0.6944224539609984
Goranboy district,2011,27510.0,19945.0,11221.0,5167.0,20851.0,0.745188820967752
Goranboy district,2012,32390.0,20929.0,12665.0,5751.0,21580.0,0.781025149035332
Goranboy district,2013,35389.0,21238.0,13975.0,4101.0,21847.0,0.8090035095473886
Goranboy district,2014,35966.0,20304.0,13748.0,4495.0,20851.0,0.824936535408888
Goranboy district,2015,36114.0,20177.0,13686.0,4078.0,20682.0,0.8290178144819643
Goranboy district,2016,36208.0,20375.0,13598.0,3448.0,20838.0,0.8291594346248966
Goranboy district,2017,37061.0,20656.0,13882.0,3099.37,21097.0,0.8325516505894938
Goranboy district,2018,35114.0,19370.0,13821.0,3119.37,19911.0,0.8363442640810259
Goranboy district,2019,42104.0,20064.0,14001.0,6649.0,20520.0,0.8581854573307497
Goranboy district,2022,43094.0,20006.0,14896.5,1047.0,20401.0,0.8773869645817283
Goychay district,2005,22235.0,18185.0,2137.0,602.0,22759.0,0.7275952566600244
Goychay district,2008,23286.0,18633.0,3610.0,400.0,23165.0,0.7386489426541876
Goychay district,2009,23360.0,18707.0,4459.0,527.0,23217.0,0.7375905233550404
Goychay district,2010,23550.0,19041.0,5180.0,519.0,23525.0,0.7340766496642374
Goychay district,2011,23750.0,19546.0,5479.0,531.97,23926.0,0.7270224426393009
Goychay district,2012,24240.0,19809.0,5607.0,580.0,24129.0,0.7289532761749195
Goychay district,2013,24510.0,20084.0,5569.0,577.42,24372.0,0.727692324641898
Goychay district,2014,24850.0,20475.0,5583.0,598.91,24419.0,0.7251109201057558
Goychay district,2015,24935.0,20764.0,5706.0,1607.42,24436.0,0.7114219456835548
Goychay district,2016,25030.0,17974.0,5728.0,2459.12,19566.0,0.7609044036143604
Goychay district,2017,20298.0,18135.0,5768.0,1782.4,19597.0,0.6860668692016049
Goychay district,2018,20588.0,17370.0,6008.0,2006.92,18720.0,0.7074715274669287
Goychay district,2019,20016.0,17247.0,5940.0,1806.0,18535.0,0.7013098166198546
Goychay district,2020,19900.0,16596.0,6067.0,1689.0,17824.0,0.7159535573151143
Goychay district,2021,19941.0,16997.0,6067.0,1605.0,18204.0,0.7077768312796414
Goychay district,2022,19840.0,16647.0,6079.0,1575.0,17856.0,0.7146091751413132
Goychay district,2023,20105.0,17226.0,6077.0,1527.0,18308.0,0.706133689031769
Goychay district,2024,20183.0,16899.0,6076.0,2428.0,17906.0,0.7079233091438027
Goygol district,2005,14471.0,9139.0,997.0,6068.0,9314.0,0.7762993303923565
Goygol district,2008,22354.0,9656.0,1168.0,6105.0,9812.0,0.8710660699867057
Goygol district,2009,22427.0,9689.0,1636.0,6278.0,9823.0,0.8739785880240145
Goygol district,2010,22532.0,9682.0,949.0,8547.0,9827.0,0.8640911306023127
Goygol district,2011,22586.0,9724.0,973.0,7425.7,9851.0,0.8664414826520292
Goygol district,2012,22594.0,9830.0,1163.0,7426.0,9946.0,0.866332415321291
Goygol district,2013,23028.0,9866.0,1307.0,6406.46,9969.0,0.872594865528654
Goygol district,2014,23348.0,9897.0,1307.0,6010.8,10003.0,0.8752992871553004
Goygol district,2015,23540.0,9928.0,1297.0,5814.13,10017.0,0.8764971423520291
Goygol district,2016,23559.0,9944.0,1221.0,7964.4,10032.0,0.8709763741128077
Goygol district,2017,23698.0,9972.0,851.0,6080.41,10064.0,0.87206458663665
Goygol district,2018,23717.0,9984.0,803.0,6121.58,10084.0,0.8712893930806433
Goygol district,2019,23943.0,9975.0,761.0,6063.0,10079.0,0.872710213056579
Goygol district,2020,23937.0,9972.0,545.0,5261.0,10092.0,0.8715712952420633
Goygol district,2021,24174.0,9726.0,498.5,5259.0,9817.0,0.8767803920867163
Goygol district,2022,24220.0,9680.0,417.5,5252.0,9764.0,0.87618681557034
Goygol district,2023,24312.0,9869.0,395.0,5252.0,9944.0,0.872901576948508
Goygol district,2024,24879.0,9817.0,421.7,5312.0,9920.0,0.8781370271753016
Guba district,2005,34450.0,25922.0,178.0,2088.0,26439.0,0.7367808727159775
Guba district,2008,34628.0,26150.0,312.0,1850.0,26632.0,0.7402168194359218
Guba district,2009,34648.0,26008.0,386.0,1850.0,26400.0,0.7425385149045896
Guba district,2010,35341.0,26051.0,862.0,1105.0,26506.0,0.7590046974465843
Guba district,2011,35376.0,26002.0,1042.0,1314.79,26406.0,0.7572877174994604
Guba district,2012,37028.0,25994.0,802.0,1421.0,26318.0,0.7713311329831553
Guba district,2013,37992.0,25936.0,630.0,1432.39,26207.0,0.7799992561265199
Guba district,2014,38182.0,25658.0,472.0,1186.7,25842.0,0.7874352897428735
Guba district,2015,38277.0,25352.0,519.0,2919.0,25550.0,0.774568852337579
Guba district,2016,38761.0,24559.0,612.0,1500.4,24731.0,0.8005189458255605
Guba district,2017,37938.0,24208.0,567.0,1768.6,24357.0,0.795224310891816
Guba district,2018,41363.0,24293.0,592.0,1669.6,24458.0,0.8196117744121502
Guba district,2019,41820.0,24672.0,619.0,1969.0,24831.0,0.8162751811742992
Guba district,2020,42390.0,24820.0,673.0,1909.0,24919.0,0.819060041652596
Guba district,2021,42668.0,24755.0,643.0,2019.0,24858.0,0.820451294951686
Guba district,2022,42718.0,24582.0,640.0,2265.0,24691.0,0.8205673196034334
Guba district,2023,42784.0,24849.0,645.0,2242.0,24961.0,0.8185491371493431
Guba district,2024,42786.0,24622.0,629.0,2190.0,24738.0,0.8211108623570867
Gubadli district,2008,190.0,144.0,1.0,521.0,148.0,0.7613030291347558
Gubadli district,2018,779.0,537.0,14.0,522.2,537.0,0.821683543853232
Gubadli district,2019,779.0,503.0,26.0,524.0,503.0,0.8661060320913532
Gubadli district,2020,779.0,717.0,23.2,524.0,717.0,0.7303337240205459
Gubadli district,2021,1114.0,839.0,24.8,814.0,839.0,0.7765259034096152
Gubadli district,2022,1292.0,975.0,11.0,1750.0,975.0,0.6896505687562899
Gubadli district,2023,1535.0,938.0,16.0,1750.0,938.0,0.7888977549139156
Gubadli district,2024,1443.0,1058.0,796.0,1321.0,1058.0,0.883698703130318
Gusar district,2005,22258.0,17442.0,113.0,975.0,17564.0,0.719029142058338
Gusar district,2008,22262.0,18264.0,2581.0,863.0,18350.0,0.7236777827198299
Gusar district,2009,23950.0,18489.0,3045.0,823.0,18566.0,0.7465950443513227
Gusar district,2010,24030.0,18644.0,3778.0,796.0,18714.0,0.7457403800123129
Gusar district,2011,26237.0,18727.0,4099.0,752.0,18793.0,0.7746051913910443
Gusar district,2012,26426.0,18980.0,4270.0,2995.0,19040.0,0.7543664711379959
Gusar district,2013,26448.0,18594.0,4300.0,3204.9,18658.0,0.7607266131643856
Gusar district,2014,27506.0,18728.0,4502.0,3208.91,18750.0,0.7715624706041005
Gusar district,2015,27755.0,19009.0,5243.0,4934.77,19029.0,0.7615598373819391
Gusar district,2016,27795.0,19023.0,5403.0,4786.3,19043.0,0.7626894011425656
Gusar district,2017,28710.0,19005.0,5034.0,4629.37,19008.0,0.7739362605336275
Gusar district,2018,28762.0,18485.0,5263.0,4498.24,18488.0,0.7847217226679414
Gusar district,2019,28914.0,18443.0,5530.0,4300.0,18446.0,0.7883335373988141
Gusar district,2020,30931.0,18693.0,5843.0,2974.0,18697.0,0.8104608438913099
Gusar district,2021,30933.0,18723.0,4097.0,3289.0,18727.0,0.8064903363743655
Gusar district,2022,32197.0,16997.0,3566.0,6244.0,17001.0,0.8314345105058146
Gusar district,2023,32211.0,16595.0,3148.4,6693.0,16600.0,0.8353582064781081
Gusar district,2024,32211.0,15934.0,2320.1,8126.0,15940.0,0.8390953730881395
Hajigabul district,2005,12480.0,11858.0,1050.0,3628.0,13197.0,0.6355586620767265
Hajigabul district,2008,12670.0,12833.0,1775.0,3628.0,14174.0,0.6178674504830961
Hajigabul district,2009,12681.0,12989.0,2052.0,3628.0,14390.0,0.6154902541415309
Hajigabul district,2010,13800.0,13461.0,1509.0,918.0,14948.0,0.6576350414603309
Hajigabul district,2011,14790.0,13821.0,1794.0,1118.0,15342.0,0.6726622385958971
Hajigabul district,2012,16081.0,13967.0,2766.0,1118.0,15490.0,0.7049611383847995
Hajigabul district,2013,17168.0,14143.0,3106.0,530.0,15675.0,0.7326629731204481
Hajigabul district,2014,17172.0,14403.0,3468.0,530.0,15858.0,0.7263019294832499
Hajigabul district,2015,17217.0,14546.0,4641.0,530.0,15990.0,0.7251789619264689
Hajigabul district,2016,17242.0,14802.0,3673.0,530.0,16245.0,0.7172336149967332
Hajigabul district,2017,17253.0,15457.0,3083.0,530.0,16424.0,0.6988841763361908
Hajigabul district,2018,18282.0,15725.0,2449.0,530.0,16618.0,0.7126136395919908
Hajigabul district,2019,19773.0,14594.0,2806.0,569.0,15311.0,0.7688730158471568
Hajigabul district,2020,27226.0,14661.0,3083.8,1646.0,15248.0,0.8466137591220728
Hajigabul district,2021,27375.0,14740.0,3632.8,2417.0,15129.0,0.8433803299788912
Hajigabul district,2022,27084.0,14644.0,3621.0,2400.0,15010.0,0.8426197911193767
Hajigabul district,2023,25424.0,15400.0,3343.0,2400.0,15627.0,0.8128294014048841
Hajigabul district,2024,26669.0,15878.0,3579.4,2409.0,16018.0,0.8173874498955145
Imishli district,2005,28438.0,28575.0,11019.0,2966.0,33885.0,0.6250871282523254
Imishli district,2008,31214.0,31032.0,15033.0,2966.0,36481.0,0.6277236073914256
Imishli district,2009,40932.0,31210.0,18489.0,3006.0,36660.0,0.728601728585557
Imishli district,2010,43971.0,33036.0,20896.0,2966.0,38800.0,0.7329983717424118
Imishli district,2011,44487.0,33539.0,20765.0,2861.0,38955.0,0.7321071110084122
Imishli district,2012,45794.0,34699.0,20829.0,3985.0,39522.0,0.7245828158659788
Imishli district,2013,47949.0,35672.0,21118.0,3679.4,39931.0,0.7323225033237198
Imishli district,2014,48373.0,36066.0,20316.0,3322.4,40036.0,0.7332641047220626
Imishli district,2015,49020.0,37221.0,20437.0,2431.4,40662.0,0.7308362859455497
Imishli district,2016,49555.0,37859.0,19493.0,2178.4,40812.0,0.7301858099743735
Imishli district,2017,49630.0,38235.0,17985.0,2178.4,40839.0,0.727658415575833
Imishli district,2018,49633.0,38730.0,16178.0,2081.2,40887.0,0.7242665359768349
Imishli district,2019,50085.0,38754.0,17271.0,2073.0,40692.0,0.7269275647984857
Imishli district,2020,50307.0,38717.0,17539.1,1599.0,40725.0,0.7315560809635034
Imishli district,2021,50378.0,38913.0,18616.7,495.0,40782.0,0.7344956823805734
Imishli district,2022,50379.0,39485.0,18971.3,425.0,41076.0,0.72861208133127
Imishli district,2023,50389.0,39109.0,18332.7,590.0,40666.0,0.7329735346457577
Imishli district,2024,53506.0,39405.0,18469.0,550.0,40800.0,0.7515060684919712
Ismayilli district,2005,23106.0,23397.0,1323.0,8997.0,24735.0,0.5850336283871082
Ismayilli district,2008,23474.0,22746.0,1411.0,8997.0,23681.0,0.6016865832308689
Ismayilli district,2009,23491.0,22842.0,1265.0,8497.0,23715.0,0.6015165268615709
Ismayilli district,2010,33687.0,22908.0,1230.0,8497.0,23751.0,0.7379455154300557
Ismayilli district,2011,33709.0,22997.0,1370.0,8577.0,23798.0,0.7373543617201809
Ismayilli district,2012,34015.0,23059.0,1314.0,8577.0,23836.0,0.7393588510234705
Ismayilli district,2013,34066.0,23198.0,1413.0,8633.0,23925.0,0.7381586507555755
Ismayilli district,2014,34118.0,23322.0,1169.0,8664.0,23979.0,0.7353666361555513
Ismayilli district,2015,34868.0,23427.0,1927.0,8771.0,24040.0,0.7447579787063042
Ismayilli district,2016,34891.0,23568.0,1462.0,8925.0,24050.0,0.740463360344969
Ismayilli district,2017,34950.0,23709.0,1194.0,8811.0,24082.0,0.738017212206997
Ismayilli district,2018,35506.0,23759.0,1169.0,8811.0,24105.0,0.7427872397849208
Ismayilli district,2019,36391.0,23847.0,1092.0,8811.0,24125.0,0.7497486834822936
Ismayilli district,2020,36498.0,21939.0,952.5,5330.0,22226.0,0.7900708246636963
Ismayilli district,2021,36558.0,19897.0,741.0,5330.0,20136.0,0.8156451538894361
Ismayilli district,2022,36594.0,19088.0,500.0,5330.0,19328.0,0.8235260630327149
Ismayilli district,2023,36619.0,18054.0,317.5,5480.0,18279.0,0.8327153200751429
Ismayilli district,2024,36728.0,16498.0,406.5,464.0,16683.0,0.8810357157574183
Jabrayil district,2018,7895.0,4158.0,989.0,967.0,4166.0,0.8769443770281075
Jabrayil district,2019,8321.0,4178.0,948.0,942.0,4186.0,0.8839683503116782
Jabrayil district,2023,9022.0,4291.0,1458.0,991.0,4296.0,0.8954579327157942
Jalilabad district,2009,50643.0,45836.0,112.0,7580.0,49685.0,0.6680092436470125
Jalilabad district,2010,50705.0,45971.0,112.0,15038.0,49857.0,0.6374573470342435
Jalilabad district,2011,54905.0,46056.0,112.0,15038.0,49969.0,0.6679087845585628
Jalilabad district,2012,69530.0,46187.0,114.0,15038.0,50137.0,0.7549958184019097
Jalilabad district,2013,77490.0,46273.0,24.0,15038.0,50228.0,0.7899777705912661
Jalilabad district,2014,78500.0,46479.0,30.0,15038.4,50207.0,0.7930686892605913
Jalilabad district,2015,82940.0,46763.0,30.0,15038.4,50295.0,0.8078864006859829
Jalilabad district,2016,82361.0,47518.0,102.0,2542.5,50319.0,0.8473483551187582
Jalilabad district,2017,82445.0,48853.0,48.0,2158.4,50331.0,0.8490291746694207
Jalilabad district,2018,72471.0,47718.0,148.0,2384.87,48858.0,0.8149488107014745
Jalilabad district,2019,75524.0,47288.0,148.0,655.0,48289.0,0.8451886453986773
Jalilabad district,2020,74009.0,47534.0,148.0,698.0,48280.0,0.8390862050597778
Jalilabad district,2021,73900.0,47491.0,159.0,1230.0,48101.0,0.8316510092014712
Jalilabad district,2022,73920.0,48229.0,197.0,1222.0,48876.0,0.8275822252902076
Jalilabad district,2023,72456.0,48465.0,159.0,1171.0,49105.0,0.8235508717286681
Jalilabad district,2024,71732.0,47883.0,87.0,1439.0,48635.0,0.8237494125457298
Kalbajar district,2005,5264.0,6841.0,52.0,525.0,7121.0,0.5120963894408398
Kalbajar district,2008,8010.0,10750.0,197.0,525.0,11165.0,0.5242259255307058
Kalbajar district,2009,8837.0,11444.0,499.0,525.0,11922.0,0.5478704020609514
Kalbajar district,2010,14051.0,11589.0,357.0,520.0,11973.0,0.715042400092394
Kalbajar district,2011,15010.0,11753.0,325.0,520.0,12123.0,0.7330242842599454
Kalbajar district,2012,15763.0,12472.0,319.0,520.0,12947.0,0.7290565021591402
Kalbajar district,2013,17053.0,12675.0,329.0,435.0,13197.0,0.7537649988598604
Kalbajar district,2014,17223.0,12712.0,319.0,405.0,13201.0,0.7566403432550564
Kalbajar district,2015,17396.0,12629.0,380.0,420.0,13089.0,0.7634746186414771
Kalbajar district,2016,17493.0,12164.0,256.0,480.0,12575.0,0.7724646276378242
Kalbajar district,2017,16936.0,12101.0,146.0,531.0,12469.0,0.7560291259808765
Kalbajar district,2018,17111.0,11999.0,151.0,531.0,12379.0,0.7626720146310068
Kalbajar district,2019,17210.0,11958.0,159.0,531.0,12417.0,0.7662838043362382
Kalbajar district,2020,17348.0,12294.0,171.0,461.0,12521.0,0.7626596443314632
Kalbajar district,2021,18522.0,16401.0,116.2,461.0,16724.0,0.6844560224324765
Kalbajar district,2022,20174.0,18563.0,90.0,461.0,18879.0,0.6733043746017165
Kalbajar district,2023,23237.0,18218.0,66.0,484.0,18442.0,0.7305841115179214
Kalbajar district,2024,22714.0,15843.0,83.0,611.0,16083.0,0.7632884925776012
Khachmaz district,2005,34270.0,24102.0,2978.0,5085.0,25772.0,0.7465710427090497
Khachmaz district,2008,36185.0,24694.0,5314.0,5143.0,25973.0,0.7590248497408881
Khachmaz district,2009,36511.0,24847.0,5815.0,5414.0,26129.0,0.7590974754055819
Khachmaz district,2010,37862.0,24657.0,5812.0,4386.0,26020.0,0.7781427318260616
Khachmaz district,2011,39263.0,24709.0,3768.0,4496.8,25961.0,0.7870973908531802
Khachmaz district,2012,39852.0,24682.0,3358.0,5110.0,25850.0,0.7889614375845241
Khachmaz district,2013,42513.0,24651.0,2906.0,4551.5,25738.0,0.8100756382456583
Khachmaz district,2014,45379.0,24579.0,3083.0,4642.46,25543.0,0.8278665861545166
Khachmaz district,2015,48640.0,25475.0,3228.0,4685.47,26428.0,0.8361163432467393
Khachmaz district,2016,52020.0,25029.0,3604.0,2875.7,25925.0,0.8609533107072642
Khachmaz district,2017,60569.0,25394.0,4520.0,2753.4,26335.0,0.885070726185041
Khachmaz district,2018,63822.0,25626.0,4663.0,2850.25,26491.0,0.8910449707710145
Khachmaz district,2019,69035.0,24966.0,4789.0,3401.0,25735.0,0.9031354975003766
Khachmaz district,2020,71902.0,25475.0,4756.6,1965.0,26205.0,0.9084642397729176
Khachmaz district,2021,74902.0,25271.0,4443.6,1980.0,26065.0,0.9134093805800916
Khachmaz district,2022,78806.0,25429.0,3558.6,2695.0,26129.0,0.9161421309752001
Khachmaz district,2023,82482.0,24378.0,2672.7,2874.0,24878.0,0.9232180639681993
Khachmaz district,2024,83747.0,23096.0,2354.9,2731.0,23418.0,0.9285404863174413
Khizi district,2008,5209.0,5049.0,186.0,540.0,5068.0,0.6571344906827447
Khizi district,2010,8940.0,5126.0,369.0,540.0,5150.0,0.8437558541204989
Khizi district,2011,9650.0,5441.0,176.0,540.0,5460.0,0.8340038618142784
Khizi district,2012,11575.0,6062.0,501.0,540.0,6078.0,0.8623507460031881
Khizi district,2013,11748.0,5643.0,186.0,540.0,5653.0,0.867783644860643
Khizi district,2014,10956.0,5933.0,38.0,540.0,5976.0,0.8161364636785631
Khizi district,2015,12080.0,5083.0,113.0,568.4,5114.0,0.8848179635963695
Khizi district,2016,10344.0,5137.0,259.0,503.4,5147.0,0.8681835965781681
Khizi district,2017,9468.0,4675.0,300.0,98.5,4685.0,0.8784947323087343
Khizi district,2018,6992.0,5191.0,265.0,2796.4,5207.0,0.7284876312334603
Khizi district,2019,6845.0,4815.0,297.0,3919.0,4864.0,0.7441730090232824
Khizi district,2020,6728.0,4837.0,375.0,2245.0,4866.0,0.7594042025950118
Khizi district,2021,7057.0,4541.0,240.0,2226.0,4561.0,0.7857189944727401
Khizi district,2022,6985.0,4514.0,596.0,725.0,4542.0,0.8254828471798911
Khizi district,2023,6987.0,4143.0,305.0,635.0,4156.0,0.838152859293785
Khizi district,2024,7022.0,4063.0,90.0,341.0,4082.0,0.8269208099816859
Khojavand district,2005,1858.0,1678.0,254.0,630.0,1688.0,0.7698424983049014
Khojavand district,2008,1660.0,957.0,553.0,375.0,961.0,0.9175982250627097
Khojavand district,2009,813.0,797.0,615.0,130.0,800.0,0.8614911617993916
Khojavand district,2010,385.0,872.0,521.0,50.0,872.0,0.5639729781651778
Khojavand district,2011,290.0,880.0,475.0,312.0,881.0,0.45639545234409373
Khojavand district,2012,1103.0,934.0,512.0,50.0,937.0,0.8707509993130188
Khojavand district,2013,1486.0,1010.0,270.0,50.0,1010.0,0.8877668177270116
Kurdamir district,2005,23071.0,21791.0,10331.0,3960.0,28773.0,0.6481311362244644
Kurdamir district,2008,24038.0,24181.0,12927.0,6271.0,30411.0,0.6117300982084928
Kurdamir district,2009,24446.0,24726.0,15727.0,6331.0,30770.0,0.6096811417983419
Kurdamir district,2010,32693.0,25097.0,14809.0,5992.0,31106.0,0.7167244451708918
Kurdamir district,2011,33454.0,25988.0,14086.0,5991.16,32175.0,0.7114241701451218
Kurdamir district,2012,37400.0,26444.0,13447.0,6307.0,32507.0,0.7442120647616468
Kurdamir district,2013,41564.0,27444.0,16841.0,6205.26,33256.0,0.7678552353196116
Kurdamir district,2014,41620.0,27468.0,17236.0,7099.82,32889.0,0.7652250321676276
Kurdamir district,2015,41786.0,28084.0,14978.0,6448.5,33516.0,0.7605916461449314
Kurdamir district,2016,42786.0,28202.0,13244.0,6489.5,33548.0,0.7667614261464202
Kurdamir district,2017,42834.0,28522.0,12975.0,7635.53,33571.0,0.7595685611535141
Kurdamir district,2018,43265.0,28607.0,10131.0,9495.53,33025.0,0.7560742554655517
Kurdamir district,2019,44842.0,28881.0,10234.0,12260.0,33154.0,0.7581500532856361
Kurdamir district,2020,44894.0,28832.0,10265.5,10415.0,32580.0,0.7635389697266922
Kurdamir district,2021,46468.0,29305.0,9269.0,6912.0,32790.0,0.7790334964399532
Kurdamir district,2022,47734.0,28058.0,8888.0,6810.0,31102.0,0.8009253837943507
Kurdamir district,2023,48331.0,27277.0,8784.0,7576.0,30080.0,0.810473288667717
Kurdamir district,2024,48072.0,25250.0,8712.0,7027.0,27620.0,0.8311138638264411
Lachin district,2005,5045.0,9036.0,477.0,370.0,11301.0,0.44873033587022904
Lachin district,2009,11907.0,11798.0,2123.0,170.0,14210.0,0.6682255089260103
Lachin district,2015,20350.0,15489.0,1989.0,9560.0,17074.0,0.6966360505303623
Lachin district,2017,19846.0,13770.0,1463.0,2798.5,15048.0,0.762412380722311
Lachin district,2018,15610.0,13732.0,1837.0,2798.5,14767.0,0.6782518427252211
Lachin district,2019,15374.0,13645.0,1224.0,2798.0,14679.0,0.6692994296567334
Lankaran district,2008,25297.0,20619.0,189.0,556.0,21291.0,0.7240330717174578
Lankaran district,2009,26410.0,20630.0,432.0,607.0,21204.0,0.740478739978107
Lankaran district,2010,27976.0,21324.0,1343.0,852.0,21674.0,0.7480072972114836
Lankaran district,2011,28983.0,22219.0,1194.0,823.6,22555.0,0.7465957931081211
Lankaran district,2012,30152.0,23043.0,482.0,897.0,23304.0,0.7459616052592714
Lankaran district,2013,31208.0,23513.0,489.0,806.5,23834.0,0.7530820246714411
Lankaran district,2014,31893.0,23640.0,479.0,1250.8,24070.0,0.7518794113844048
Lankaran district,2015,32885.0,23661.0,597.0,1164.8,24088.0,0.7636807247011045
Lankaran district,2016,33419.0,23426.0,873.0,1240.4,23839.0,0.7717606898333191
Lankaran district,2017,33790.0,23002.0,929.0,1587.6,23504.0,0.7771286534629986
Lankaran district,2018,34089.0,23530.0,609.0,1567.4,23953.0,0.7722684628557314
Lankaran district,2019,34785.0,23866.0,522.0,1572.0,24316.0,0.7741742526236458
Lankaran district,2020,34936.0,24075.0,456.0,1604.0,24510.0,0.7723024636329278
Lankaran district,2021,35210.0,24407.0,441.0,4026.0,24765.0,0.7490742453852046
Lankaran district,2022,35660.0,24654.0,292.1,1582.0,25064.0,0.7712711580613125
Lankaran district,2023,36440.0,24519.0,256.6,1667.0,24925.0,0.7784634633934513
Lankaran district,2024,37003.0,24841.0,155.1,1613.0,25326.0,0.7791318971253417
Lerik district,2005,13745.0,15892.0,519.0,2848.0,16254.0,0.5570065854121679
Lerik district,2008,13768.0,16493.0,239.0,2833.0,16696.0,0.5366563386023159
Lerik district,2009,13776.0,16411.0,407.0,2833.0,16585.0,0.5442257203730699
Lerik district,2010,13788.0,16642.0,415.0,2248.0,16747.0,0.5458432355437932
Lerik district,2011,13795.0,16644.0,356.0,1739.6,16732.0,0.5505405395714361
Lerik district,2012,14943.0,16701.0,306.0,1700.0,16764.0,0.5775606037308247
Lerik district,2013,15109.0,16724.0,334.0,1707.3,16789.0,0.5819115844949942
Lerik district,2014,15194.0,16753.0,341.0,1697.0,16811.0,0.5837298883797314
Lerik district,2015,15644.0,16783.0,423.0,1691.26,16831.0,0.5961593146313322
Lerik district,2016,15696.0,16868.0,411.0,1667.0,16908.0,0.5956536484010783
Lerik district,2017,15967.0,16485.0,389.0,1659.0,16532.0,0.6101026471856569
Lerik district,2018,15979.0,16701.0,318.0,1610.0,16745.0,0.6044180062960881
Lerik district,2019,23521.0,16998.0,309.0,1025.0,17040.0,0.7539658642998722
Lerik district,2020,23653.0,17298.0,301.0,229.0,17349.0,0.7669443254453772
Lerik district,2021,23961.0,17118.0,527.2,211.0,17168.0,0.776077802003464
Lerik district,2022,23743.0,17824.0,308.0,222.0,17874.0,0.7589163270992222
Lerik district,2023,27699.0,17134.0,376.0,222.0,17160.0,0.8176648963505126
Lerik district,2024,30896.0,17145.0,376.0,215.0,17145.0,0.8443022233539866
Masalli district,2005,43524.0,28957.0,315.0,1180.0,30607.0,0.7949463934244536
Masalli district,2008,44155.0,32320.0,472.0,2.0,34170.0,0.7010954484632573
Masalli district,2009,44185.0,33614.0,583.0,11.0,35476.0,0.7396048785598069
Masalli district,2010,42223.0,33072.0,974.0,11.0,34943.0,0.7191400935613967
Masalli district,2011,43133.0,33775.0,913.0,11.0,35473.0,0.721125316684027
Masalli district,2012,45289.0,34655.0,1089.0,11.0,36308.0,0.7271254024035285
Masalli district,2013,48575.0,34980.0,1951.0,14.0,36619.0,0.7446532440327052
Masalli district,2014,48960.0,35040.0,1759.0,15.0,36488.0,0.7504404402517446
Masalli district,2015,49018.0,35041.0,1458.0,14.0,36448.0,0.7525057479587508
Masalli district,2016,49872.0,35085.0,1765.0,14.0,36495.0,0.7546759554088165
Masalli district,2017,50101.0,35092.0,3921.0,14.0,36505.0,0.741537051089552
Masalli district,2018,50194.0,35126.0,2425.0,9.72,36567.0,0.7407350823309877
Masalli district,2019,49249.0,35200.0,2963.0,10.0,36628.0,0.7299998672531546
Masalli district,2023,50526.0,36012.0,2895.0,13.0,37460.0,0.7394537738896961
Masalli district,2024,50545.0,35687.0,3262.0,16.0,37198.0,0.7459310949486672
Neftchala district,2005,18736.0,16486.0,5805.0,797.0,18431.0,0.704352248417037
Neftchala district,2008,19999.0,16895.0,12775.0,1128.0,18554.0,0.7198850804142191
Neftchala district,2009,20000.0,17547.0,11131.0,1658.0,19113.0,0.6991408022382608
Neftchala district,2010,20167.0,17929.0,10285.0,1143.0,19495.0,0.6970714325870042
Neftchala district,2011,20207.0,18268.0,10754.0,734.0,19864.0,0.693462911839999
Neftchala district,2012,22869.0,18521.0,12072.0,1143.0,20236.0,0.7313541960618908
Neftchala district,2013,23734.0,18929.0,10628.0,1196.2,20677.0,0.735292113784902
Neftchala district,2014,23865.0,19147.0,12191.0,2086.0,20869.0,0.7267780784548981
Neftchala district,2015,24325.0,19356.0,12348.0,2173.0,21062.0,0.7289007740064523
Neftchala district,2016,24415.0,19559.0,10695.0,2056.0,21173.0,0.7262233182365035
Neftchala district,2017,24508.0,19802.0,8746.0,2445.2,21039.0,0.7190493835519097
Neftchala district,2018,27163.0,19877.0,8870.0,769.0,20959.0,0.766588330401731
Neftchala district,2019,31151.0,20017.0,9519.0,2487.0,21030.0,0.7962607000105916
Neftchala district,2020,31180.0,20216.0,11282.8,2030.0,21127.0,0.7964673374185456
Neftchala district,2021,31696.0,21582.0,11311.5,2031.0,22452.0,0.7798689630500254
Neftchala district,2022,31920.0,21603.0,9268.2,1708.0,22440.0,0.7833258187327962
Neftchala district,2023,32157.0,23774.0,8505.4,1699.0,24708.0,0.7523235754411766
Neftchala district,2024,34894.0,22820.0,8063.0,1399.0,23814.0,0.7947133445766553
Oghuz district,2005,15476.0,10595.0,748.0,856.0,12565.0,0.783244391922473
Oghuz district,2008,15491.0,11440.0,2373.0,149.0,13051.0,0.7765715286255307
Oghuz district,2009,15493.0,11396.0,2216.0,214.0,12926.0,0.778230880392377
Oghuz district,2010,15895.0,11464.0,2523.0,154.0,12931.0,0.7844798836026081
Oghuz district,2011,15926.0,11498.0,3445.0,38.2,12942.0,0.7724620146196378
Oghuz district,2012,15953.0,11406.0,3017.0,29.0,12798.0,0.7711729622528525
Oghuz district,2013,16079.0,11463.0,3007.0,29.0,12799.0,0.77190934811257
Oghuz district,2015,16084.0,11258.0,2789.0,117.0,12070.0,0.7936362999102475
Oghuz district,2016,16086.0,11209.0,2553.0,117.0,11826.0,0.7946568995798359
Oghuz district,2017,16086.0,10843.0,2093.0,117.0,11257.0,0.8043308703051528
Oghuz district,2018,15389.0,10112.0,1712.0,114.0,10467.0,0.8122665159526504
Oghuz district,2019,14374.0,10190.0,1849.0,114.0,10443.0,0.7905637138473472
Oghuz district,2022,14049.0,9945.0,1016.0,907.0,10152.0,0.777200527682994
Oghuz district,2023,14094.0,9599.0,1041.0,1181.0,9791.0,0.7869330995788686
Oghuz district,2024,13819.0,9434.0,1073.0,1554.0,9649.0,0.7827697716116291
Saatli district,2005,31540.0,23956.0,7306.0,576.0,27036.0,0.7515270709168979
Saatli district,2008,36381.0,27231.0,15470.0,548.0,29730.0,0.7517384793756962
Saatli district,2009,36523.0,27997.0,14398.0,548.0,30374.0,0.7432267153046667
Saatli district,2010,36770.0,28823.0,12622.0,548.0,30943.0,0.7355369354535003
Saatli district,2011,36845.0,29360.0,15137.0,382.8,31355.0,0.7278372354850459
Saatli district,2012,37304.0,29841.0,16244.0,225.0,31524.0,0.7228711123244582
Saatli district,2013,37891.0,29913.0,16426.0,224.8,31569.0,0.7275672478303989
Saatli district,2014,37893.0,29971.0,17688.0,231.4,31560.0,0.7263408201445855
Saatli district,2015,38253.0,31160.0,19287.0,457.0,32064.0,0.717060109415624
Saatli district,2016,38696.0,31309.0,17620.0,480.0,32093.0,0.7203113336739587
Saatli district,2017,38753.0,31415.0,13299.0,476.0,32135.0,0.7218758203921319
Saatli district,2018,41852.0,31531.0,13688.0,550.0,32208.0,0.7479690910343965
Saatli district,2019,41870.0,31701.0,12993.0,426.0,32307.0,0.7465688249032685
Saatli district,2020,41877.0,31782.0,13838.0,263.0,32354.0,0.743549868168926
Saatli district,2021,41884.0,31941.0,15547.6,597.0,32464.0,0.7424845650704983
Saatli district,2022,41892.0,32034.0,18642.7,168.0,32547.0,0.7339827732216845
Saatli district,2023,41899.0,32133.0,16586.0,223.0,32657.0,0.7367430620105383
Saatli district,2024,41907.0,32892.0,18930.0,151.0,33274.0,0.7226348560427515
Sabirabad district,2005,58698.0,36441.0,8550.0,2919.0,44757.0,0.7994265302663781
Sabirabad district,2008,69918.0,42946.0,15870.0,3092.0,51721.0,0.7994777256177377
Sabirabad district,2009,71270.0,45131.0,19216.0,3479.0,54187.0,0.7877171983099728
Sabirabad district,2010,75621.0,44623.0,15075.0,3166.0,53500.0,0.811138965222622
Sabirabad district,2011,80316.0,45440.0,22581.0,3166.0,54483.0,0.819923820809299
Sabirabad district,2012,84581.0,46352.0,23206.0,3127.0,55660.0,0.8280858834314642
Sabirabad district,2013,88661.0,47113.0,23041.0,3055.3,56565.0,0.835904613484459
Sabirabad district,2014,92877.0,47799.0,22419.0,3046.3,57377.0,0.8435337910676528
Sabirabad district,2015,97771.0,48514.0,23252.0,2868.3,58199.0,0.8517860275554113
Sabirabad district,2016,103719.0,49357.0,20033.0,3032.3,59188.0,0.860748479915366
Sabirabad district,2017,106852.0,51129.0,19342.0,3024.5,60171.0,0.8600997087995497
Sabirabad district,2018,113994.0,55613.0,20141.0,2711.4,60927.0,0.8574608894392771
Sabirabad district,2019,118812.0,57022.0,23872.0,2661.0,61331.0,0.8598139328044592
Sabirabad district,2020,118771.0,58923.0,22374.0,1931.0,61607.0,0.8559582343103359
Sabirabad district,2021,121761.0,60095.0,23062.0,1509.0,61874.0,0.8580969355924613
Sabirabad district,2022,123523.0,61963.0,23752.6,1491.0,63813.0,0.8548942509020305
Sabirabad district,2023,124397.0,62035.0,21475.0,1466.0,63849.0,0.8571024595887694
Sabirabad district,2024,126595.0,62341.0,21963.0,3396.0,63280.0,0.8542982603671402
Salyan district,2005,32994.0,26382.0,11888.0,9353.0,28555.0,0.68804036251774
Salyan district,2008,40510.0,31033.0,17103.0,8106.0,33124.0,0.706871671801107
Salyan district,2009,40621.0,31163.0,18890.0,6383.0,33270.0,0.7120082166353873
Salyan district,2010,40000.0,31592.0,19229.0,4473.0,33678.0,0.7083444296605775
Salyan district,2011,42207.0,29915.0,21663.0,4557.0,32112.0,0.748209556078234
Salyan district,2012,42258.0,30361.0,21504.0,4189.0,32518.0,0.7446639420107461
Salyan district,2013,44762.0,31176.0,21004.0,3036.7,32855.0,0.7600891820001465
Salyan district,2014,44775.0,31650.0,22434.0,3078.7,33293.0,0.7544206581408267
Salyan district,2015,45000.0,32014.0,20861.0,3524.4,33351.0,0.7502118639618499
Salyan district,2016,45011.0,31995.0,19091.0,4509.6,33426.0,0.7465458660480391
Salyan district,2017,45857.0,31950.0,18079.0,4642.62,33292.0,0.7531184597017163
Salyan district,2018,49957.0,31994.0,19840.0,7580.55,33304.0,0.771710784131245
Salyan district,2019,50030.0,32205.0,22352.0,7199.0,33324.0,0.7709530413891129
Salyan district,2020,50487.0,32268.0,22249.0,3139.0,33329.0,0.7868849848537262
Salyan district,2021,50606.0,32344.0,20925.0,5981.0,33331.0,0.7768847427333051
Salyan district,2022,50749.0,32366.0,17689.0,5517.0,33279.0,0.7792641493894007
Salyan district,2023,50870.0,32447.0,16465.0,5634.0,33264.0,0.7789119059012879
Salyan district,2024,50865.0,32933.0,17217.0,4870.0,33155.0,0.776557405043074
Samukh district,2005,11094.0,7416.0,2960.0,7221.0,8530.0,0.7844984779938472
Samukh district,2008,13032.0,8516.0,7314.0,7048.0,9530.0,0.8026316273831756
Samukh district,2009,13106.0,8554.0,8568.0,7250.0,9582.0,0.8049278072604301
Samukh district,2010,13616.0,8793.0,7861.0,7226.0,9804.0,0.8050480100190414
Samukh district,2011,13685.0,8951.0,7727.0,7144.0,9901.0,0.8003895121671863
Samukh district,2012,13714.0,9018.0,7848.0,7154.0,10013.0,0.7986729815937844
Samukh district,2013,14041.0,9144.0,7900.0,7018.9,10164.0,0.8013060458489516
Samukh district,2014,14099.0,9220.0,7880.0,7425.96,10247.0,0.7983739388695907
Samukh district,2015,16737.0,9346.0,7569.0,7022.0,10342.0,0.8396779392789613
Samukh district,2016,29014.0,11256.0,7612.0,13484.9,12078.0,0.8907651636924142
Samukh district,2017,30413.0,10964.0,5893.0,18968.9,11750.0,0.8948098178418884
Samukh district,2018,30785.0,11572.0,6509.0,1502.27,12377.0,0.910147715035369
Samukh district,2019,31359.0,11414.0,7074.0,1433.0,12222.0,0.9140307369647943
Samukh district,2020,31367.0,11075.0,8110.0,2457.0,11872.0,0.9156953704504935
Samukh district,2021,32547.0,10672.0,8542.5,2472.0,11470.0,0.9228148807116529
Samukh district,2022,32657.0,10395.0,8361.5,1678.0,11131.0,0.9266926192812478
Samukh district,2023,33207.0,10447.0,7720.1,1559.0,11178.0,0.9274643270565618
Samukh district,2024,33708.0,10586.0,8071.3,1702.0,11215.0,0.9273177311338693
Shabran district,2005,10819.0,9154.0,66.0,4355.0,10239.0,0.6156807170118799
Shabran district,2008,10889.0,10114.0,963.0,28666.0,11378.0,0.5671315219645835
Shabran district,2009,11068.0,10156.0,962.0,31220.0,11404.0,0.567490189883195
Shabran district,2010,11885.0,10442.0,846.0,31738.0,11711.0,0.5788646615363863
Shabran district,2011,12377.0,10599.0,672.0,31926.45,11892.0,0.5819523595428678
Shabran district,2012,12666.0,10699.0,689.0,32068.0,11976.0,0.5873670033030279
Shabran district,2013,13063.0,10576.0,637.0,27671.06,11828.0,0.6088075066891994
Shabran district,2014,15478.0,10183.0,656.0,27854.68,11512.0,0.6902045266194144
Shabran district,2015,15485.0,10674.0,812.0,27212.66,12072.0,0.6782236946552487
Shabran district,2016,15541.0,10450.0,855.0,25229.64,11760.0,0.6931561077425525
Shabran district,2017,14602.0,10479.0,828.0,3770.63,11770.0,0.7393777911719591
Shabran district,2018,15011.0,10587.0,647.0,3681.35,11900.0,0.7415084985539283
Shabran district,2019,15060.0,10724.0,686.0,26610.0,11933.0,0.6622316989548112
Shabran district,2020,15167.0,10760.0,679.4,2960.0,11977.0,0.7459166754035355
Shabran district,2021,15252.0,10765.0,720.9,2916.0,11957.0,0.7491065625953058
Shabran district,2022,15216.0,10694.0,747.5,33793.0,11746.0,0.6575969911930711
Shabran district,2023,15061.0,10694.0,1032.4,34184.0,11725.0,0.6616548161225257
Shabran district,2024,15108.0,10293.0,992.7,3124.0,11214.0,0.7658045694764289
Shaki district,2005,35733.0,24116.0,1857.0,4038.0,30668.0,0.7642968052478905
Shaki district,2008,47273.0,29260.0,7780.0,4166.0,35450.0,0.7945680858679364
Shaki district,2009,47602.0,30408.0,9487.0,4166.0,36917.0,0.7847631101133715
Shaki district,2010,49823.0,31364.0,7598.0,6805.0,37896.0,0.779749218967075
Shaki district,2011,50222.0,32134.0,8647.0,6806.0,38694.0,0.7745710470246784
Shaki district,2012,54294.0,32393.0,7753.0,6923.0,38984.0,0.7959763608931449
Shaki district,2013,55789.0,32571.0,6755.0,6968.0,39124.0,0.8022434060022465
Shaki district,2014,57508.0,30160.0,6858.0,6863.5,36305.0,0.8309255152556771
Shaki district,2015,55692.0,29618.0,7228.0,6747.0,35496.0,0.8277924360665472
Shaki district,2016,56845.0,29819.0,6387.0,632.0,35696.0,0.8533995584976757
Shaki district,2017,58261.0,30029.0,5583.0,7157.0,35921.0,0.8342266791082628
Shaki district,2018,58973.0,30605.0,5001.0,527.67,35944.0,0.8568765432090216
Shaki district,2019,59121.0,30954.0,4644.0,1433.0,35648.0,0.8506423799174324
Shaki district,2020,60678.0,30478.0,4042.0,1481.0,34914.0,0.8590816866319159
Shaki district,2021,61638.0,29275.0,4120.0,11318.0,32721.0,0.8440572403214099
Shaki district,2022,54558.0,28500.0,4149.0,11838.0,31935.0,0.8198262893020021
Shaki district,2023,53731.0,25872.0,4360.2,12341.0,28375.0,0.8388822704499017
Shaki district,2024,53282.0,25560.0,4396.5,13774.0,27628.0,0.8374464556898968
Shamakhi district,2008,20671.0,18788.0,35.0,1151.0,19199.0,0.6523249635655565
Shamakhi district,2009,20878.0,18856.0,96.0,1151.0,19250.0,0.6630722129769427
Shamakhi district,2010,20880.0,18901.0,117.0,1391.0,19312.0,0.6590397911258074
Shamakhi district,2011,21074.0,19126.0,117.0,1692.0,19544.0,0.6533390366007825
Shamakhi district,2012,22358.0,19336.0,147.0,1592.0,19759.0,0.6760777549870958
Shamakhi district,2013,22674.0,19652.0,328.0,1592.0,19971.0,0.6816385437991925
Shamakhi district,2014,23011.0,19733.0,431.0,1023.0,20055.0,0.6967340164421457
Shamakhi district,2015,23146.0,19797.0,364.0,1142.4,20115.0,0.6948202127528085
Shamakhi district,2016,23261.0,19900.0,399.0,2152.46,20155.0,0.6809401242601545
Shamakhi district,2017,20319.0,13339.0,485.0,2162.46,13602.0,0.7732849918217732
Shamakhi district,2018,21796.0,13298.0,450.0,15962.46,13584.0,0.7339774177362987
Shamakhi district,2019,29483.0,14340.0,722.0,19282.0,14631.0,0.8083771546425736
Shamakhi district,2020,33256.0,14434.0,806.0,19313.0,14720.0,0.8389024738794139
Shamakhi district,2021,37477.0,13955.0,564.0,19353.0,14285.0,0.8667438133549487
Shamakhi district,2022,44013.0,15168.0,695.5,19566.0,15502.0,0.8816053450616118
Shamakhi district,2023,48243.0,13851.0,843.8,19464.0,14112.0,0.906881279686782
Shamakhi district,2024,49123.0,13162.0,939.4,18933.0,13424.0,0.9149050850487536
Shamkir district,2005,33425.0,25389.0,5093.0,765.0,26303.0,0.7502665474849507
Shamkir district,2008,36770.0,26856.0,9704.0,6466.0,27893.0,0.7309587783038012
Shamkir district,2009,38619.0,27131.0,9034.0,7612.0,28018.0,0.7406172384902511
Shamkir district,2010,45027.0,27814.0,10090.0,3301.0,28562.0,0.7991085501924895
Shamkir district,2011,46962.0,28012.0,10092.0,3318.5,28655.0,0.8089881081151974
Shamkir district,2012,47293.0,28341.0,10098.0,3462.0,28904.0,0.8070008905488318
Shamkir district,2013,48769.0,28565.0,9998.0,8460.0,29132.0,0.7975792190522805
Shamkir district,2014,51450.0,28636.0,9372.0,6071.2,29190.0,0.8182065113916942
Shamkir district,2015,54608.0,28627.0,9822.0,5407.0,29202.0,0.8351816560938937
Shamkir district,2016,56355.0,28703.0,9771.0,7329.0,29295.0,0.8372545734713474
Shamkir district,2017,58159.0,28729.0,9777.0,4625.7,29328.0,0.8506534803283871
Shamkir district,2018,59438.0,27780.0,9882.0,7020.0,28303.0,0.8567827613777372
Shamkir district,2019,51109.0,27260.0,9882.0,3542.0,27668.0,0.837073962432478
Shamkir district,2020,52234.0,27377.0,10374.5,2153.0,27827.0,0.846163243488956
Shamkir district,2021,53435.0,27356.0,10603.0,2348.0,27855.0,0.8504822429480932
Shamkir district,2022,54504.0,27401.0,10915.0,3113.0,27917.0,0.8516532568742566
Shamkir district,2023,55673.0,27482.0,10769.0,2958.0,27965.0,0.8559045626352944
Shamkir district,2024,56953.0,27947.0,11529.0,1881.0,28235.0,0.8605984594926822
Shusha district,2005,881.0,1055.0,362.0,250.0,1100.0,0.7535552088356409
Shusha district,2008,898.0,1182.0,515.0,250.0,1223.0,0.7217076981464303
Shusha district,2009,903.0,1288.0,613.0,250.0,1335.0,0.6879624415605488
Shusha district,2010,1162.0,1746.0,776.0,250.0,1763.0,0.6376461526843301
Siyazan district,2005,7714.0,4458.0,39.0,1012.0,4974.0,0.7882683053845425
Siyazan district,2008,8048.0,4542.0,65.0,1032.0,5130.0,0.807548889418766
Siyazan district,2009,8023.0,4806.0,6.0,572.0,5325.0,0.7368855259319624
Siyazan district,2010,9557.0,5007.0,22.0,572.0,5446.0,0.8134322935833392
Siyazan district,2011,9842.0,5388.0,28.0,547.0,5791.0,0.8070346205473373
Siyazan district,2012,10426.0,5394.0,100.0,547.0,5819.0,0.8446615498385748
Siyazan district,2013,10766.0,5489.0,221.0,522.0,5901.0,0.8595149147370897
Siyazan district,2014,11167.0,5607.0,306.0,522.0,5945.0,0.8662050679111042
Siyazan district,2015,12199.0,5984.0,203.0,522.0,6272.0,0.8643427169133375
Siyazan district,2016,12287.0,5978.0,309.0,522.0,6279.0,0.8707697865458833
Siyazan district,2017,12338.0,6002.0,335.0,692.1,6245.0,0.8695368092505387
Siyazan district,2018,12373.0,6145.0,377.0,692.0,6374.0,0.8667429447247524
Siyazan district,2019,13445.0,6520.0,466.0,720.0,6744.0,0.8719588706885087
Siyazan district,2020,13450.0,6797.0,468.0,680.0,7036.0,0.8642132340480578
Siyazan district,2021,14002.0,6701.0,422.0,949.0,6943.0,0.870422764608538
Siyazan district,2022,14102.0,6304.0,483.0,1337.0,6496.0,0.8811841892853647
Siyazan district,2023,13804.0,6148.0,419.0,1359.0,6377.0,0.8804995460608422
Siyazan district,2024,13692.0,5930.0,402.0,1244.0,6233.0,0.8857424253712564
Tartar district,2005,10430.0,9537.0,4038.0,1481.0,9873.0,0.7024146997978643
Tartar district,2008,10850.0,10610.0,8544.0,1481.0,10805.0,0.6823164280725499
Tartar district,2009,11280.0,10834.0,7880.0,1435.0,11039.0,0.6871741003892385
Tartar district,2010,12030.0,10933.0,9923.0,1197.0,11136.0,0.713045136854732
Tartar district,2011,12367.0,11178.0,10182.0,1360.7,11332.0,0.7125769121166188
Tartar district,2012,13831.0,11387.0,8755.0,3266.0,11505.0,0.7299175724115973
Tartar district,2013,14258.0,11600.0,8985.0,3250.0,11715.0,0.7336854900783976
Tartar district,2014,14594.0,11655.0,10866.0,3217.0,11757.0,0.7430235004588822
Tartar district,2015,17742.0,11783.0,11485.0,3146.0,11867.0,0.8030770497433095
Tartar district,2016,20127.0,11857.0,9944.0,2445.9,11946.0,0.8360054301945182
Tartar district,2017,21630.0,11938.0,8294.0,2218.4,12022.0,0.8499432432107393
Tartar district,2018,22127.0,12079.0,7264.0,1575.6,12156.0,0.8538950714168281
Tartar district,2019,22441.0,12471.0,7541.0,1899.0,12535.0,0.8478820435034127
Tartar district,2020,22065.0,12362.0,8110.5,1886.0,12439.0,0.8469726161722463
Tartar district,2021,22419.0,12680.0,9026.2,1277.0,12715.0,0.8479024830275695
Tartar district,2022,23499.0,13142.0,9515.4,2156.0,13220.0,0.8453988427580751
Tartar district,2023,24231.0,13872.0,9362.2,1806.0,13928.0,0.8400037961949605
Tartar district,2024,24993.0,13613.0,9080.5,1627.0,13684.0,0.8521627513396424
Tovuz district,2005,22830.0,15340.0,205.0,1156.0,15986.0,0.7708889753782904
Tovuz district,2008,25532.0,16671.0,2683.0,1156.0,17330.0,0.7982138477504955
Tovuz district,2009,25839.0,16755.0,2833.0,1342.0,17416.0,0.7987873477332285
Tovuz district,2010,27350.0,16736.0,4095.0,524.0,17420.0,0.8232874973982198
Tovuz district,2011,28225.0,16903.0,4351.0,524.0,17587.0,0.8287303638296775
Tovuz district,2012,29512.0,17068.0,3872.0,524.0,17752.0,0.8367451968782205
Tovuz district,2013,31421.0,17108.0,4227.0,2549.0,17811.0,0.838772514153582
Tovuz district,2014,31786.0,17196.0,4274.0,258.0,17868.0,0.8524399474585103
Tovuz district,2015,32453.0,17360.0,4672.0,287.0,18010.0,0.8547633721192637
Tovuz district,2016,33300.0,17450.0,4675.0,259.0,18102.0,0.858765240451908
Tovuz district,2017,33365.0,17582.0,3294.0,230.0,18156.0,0.8572894785918713
Tovuz district,2018,33596.0,17693.0,3609.0,230.0,18258.0,0.8573725275829758
Tovuz district,2019,37232.0,17779.0,3700.0,470.0,18373.0,0.8749196115942807
Tovuz district,2020,38134.0,17801.0,3416.0,471.0,18402.0,0.8785553628522331
Tovuz district,2021,38668.0,17379.0,3325.0,410.0,17962.0,0.8848632451664423
Tovuz district,2022,38739.0,17476.0,3330.0,687.0,18020.0,0.8830143380672224
Tovuz district,2023,38889.0,16858.0,3061.0,677.0,17347.0,0.8890784651004573
Tovuz district,2024,37431.0,14518.0,3023.5,537.0,14982.0,0.9049754041405761
Ujar district,2005,23447.0,16938.0,7837.0,883.0,26353.0,0.7741481897528902
Ujar district,2008,29055.0,18997.0,10805.0,740.0,28888.0,0.8032251689063612
Ujar district,2009,29593.0,21078.0,11222.0,991.0,31543.0,0.7726976202607344
Ujar district,2010,34006.0,21675.0,11541.0,132.0,32492.0,0.8033000537245072
Ujar district,2011,34657.0,21873.0,11725.0,132.0,32794.0,0.8058315194849789
Ujar district,2012,37426.0,21917.0,11685.0,132.0,32945.0,0.8259019484355582
Ujar district,2013,38355.0,21964.0,11994.0,132.0,33109.0,0.8313290032766646
Ujar district,2014,38359.0,21972.0,12056.0,132.0,33127.0,0.8312381813328715
Ujar district,2015,38781.0,21976.0,13865.0,252.0,33152.0,0.8368558157501014
Ujar district,2016,38788.0,22223.0,12395.0,475.0,33182.0,0.8352713940314632
Ujar district,2017,38793.0,22687.0,10241.0,365.0,33209.0,0.8301916323207101
Ujar district,2018,62269.0,23078.0,9761.0,375.0,33217.0,0.9073472201567374
Ujar district,2019,64181.0,24094.0,9496.0,221.0,33238.0,0.9051504379323526
Ujar district,2020,68873.0,26946.0,10095.0,221.0,33286.0,0.8995033793556685
Ujar district,2021,69563.0,31107.0,9310.0,221.0,33305.0,0.8804892529619197
Ujar district,2022,66424.0,31800.0,9177.0,221.0,33334.0,0.8690089077373973
Ujar district,2023,67194.0,28048.0,9188.0,137.0,29111.0,0.8896641293910844
Ujar district,2024,62201.0,25909.0,8925.0,137.0,26931.0,0.8905062206368972
Yardimli district,2017,17091.0,14424.0,2.0,1864.78,14497.0,0.6052393549640257
Yardimli district,2018,23887.0,14600.0,9.0,1939.68,14666.0,0.7512694205130142
Yardimli district,2020,24373.0,14768.0,3.0,1035.0,14832.0,0.7605777701103897
Yevlakh district,2005,26612.0,22696.0,8807.0,1320.0,36504.0,0.704100265345561
Yevlakh district,2008,29407.0,22552.0,17419.0,6623.0,35158.0,0.7182287473984753
Yevlakh district,2009,29496.0,24151.0,13519.0,4772.0,35164.0,0.6980471031581937
Yevlakh district,2010,32408.0,20317.0,18587.0,4681.0,29923.0,0.7967645741677006
Yevlakh district,2011,34912.0,20360.0,17611.0,4685.85,29954.0,0.8168296453320548
Yevlakh district,2012,35580.0,20387.0,16029.0,4686.0,29973.0,0.8210509181041027
Yevlakh district,2013,36276.0,20584.0,14899.0,4685.85,29985.0,0.8230489866522838
Yevlakh district,2014,36512.0,20693.0,18819.0,4828.0,30110.0,0.8237460399778315
Yevlakh district,2015,36534.0,19196.0,21193.0,4828.0,27834.0,0.8443118876186757
Yevlakh district,2016,36547.0,25109.0,17284.0,5544.0,28257.0,0.7585679184397168
Yevlakh district,2017,36560.0,25253.0,15493.0,5544.0,28395.0,0.7563232246919835
Yevlakh district,2018,36574.0,25256.0,15612.0,6633.0,28418.0,0.7526244210500055
Yevlakh district,2019,37187.0,24922.0,16167.0,1820.0,28427.0,0.7832739363343374
Yevlakh district,2020,37243.0,25005.0,16442.5,1832.0,28450.0,0.7825608468465379
Yevlakh district,2021,37352.0,26493.0,16580.0,2033.0,30461.0,0.7623450208515878
Yevlakh district,2022,38062.0,26423.0,16580.0,2009.0,30586.0,0.7696862406623719
Yevlakh district,2023,38193.0,28491.0,16600.0,3015.0,32613.0,0.7381094665017537
Yevlakh district,2024,38335.0,29747.0,16630.0,3209.0,33240.0,0.7220464171453017
Zagatala district,2005,36862.0,22667.0,6546.0,55034.0,27613.0,0.7181299394461761
Zagatala district,2008,38516.0,24344.0,7062.0,55034.0,28340.0,0.7081266085218185
Zagatala district,2009,39657.0,24998.0,8072.0,922.0,28500.0,0.8073789046898545
Zagatala district,2010,40283.0,25429.0,8091.0,556.0,28800.0,0.8088409891953582
Zagatala district,2011,40788.0,25765.0,7915.0,856.52,29088.0,0.806928870121607
Zagatala district,2012,41523.0,26245.0,7721.0,526.0,29380.0,0.8084426572118347
Zagatala district,2013,42651.0,26559.0,7853.0,2471.7,29509.0,0.8010990461823048
Zagatala district,2014,42944.0,26842.0,7715.0,576.0,29618.0,0.8111577068311129
Zagatala district,2015,43179.0,27079.0,7681.0,425.0,29726.0,0.810648387861747
Zagatala district,2016,43369.0,27310.0,7681.0,426.0,29763.0,0.8094456380954855
Zagatala district,2017,43495.0,27258.0,7685.0,371.2,29615.0,0.8107945430301807
Zagatala district,2018,43590.0,27251.0,7791.0,571.84,29465.0,0.8109787411435317
Zagatala district,2019,43658.0,27250.0,8260.0,868.0,29410.0,0.8096431808625524
Zagatala district,2020,43699.0,27389.0,8275.0,911.0,29376.0,0.8081823835754163
Zagatala district,2021,43857.0,26972.0,8275.0,1342.0,28935.0,0.8109121627809697
Zagatala district,2022,44103.0,26650.0,8275.0,1161.0,28599.0,0.816878235649312
Zagatala district,2023,44331.0,26096.0,8275.0,1131.0,27990.0,0.8240722324579299
Zagatala district,2024,44462.0,25199.0,8275.0,1252.0,27033.0,0.8331404144947322
Zangilan district,2018,668.0,393.0,51.0,150.0,393.0,0.9164706023259165
Zangilan district,2019,360.0,631.0,60.0,302.0,631.0,0.5739185165610102
Zangilan district,2021,481.0,853.0,66.5,30.0,853.0,0.55318635668806
Zangilan district,2022,486.0,878.0,323.5,4100.0,878.0,0.5526802391619476
Zangilan district,2023,494.0,2057.0,169.0,25.0,2057.0,0.28615304628308463
Zangilan district,2024,494.0,4193.0,2123.5,499.0,4193.0,0.18406992762120486
Zardab district,2005,20810.0,18205.0,10939.0,7582.0,21963.0,0.6678493985263069
Zardab district,2008,21605.0,19258.0,11357.0,7613.0,22272.0,0.6588902876253462
Zardab district,2009,21663.0,19646.0,13348.0,3350.0,22366.0,0.6719237261956057
Zardab district,2010,21702.0,19904.0,14353.0,3359.0,22564.0,0.6674610493026225
Zardab district,2011,21806.0,20037.0,16005.0,3385.0,22629.0,0.6669590060771319
Zardab district,2012,25066.0,20196.0,16535.0,3398.0,22690.0,0.7170626321600948
Zardab district,2013,31766.0,20376.0,15581.0,3383.0,22751.0,0.7940485185622542
Zardab district,2014,31777.0,20531.0,16576.0,3385.0,22792.0,0.7918957892829633
Zardab district,2015,31871.0,20850.0,18570.0,3412.0,22828.0,0.7879626252361659
Zardab district,2016,31934.0,20975.0,18100.0,3410.0,22853.0,0.786458949482564
Zardab district,2017,31944.0,21031.0,18612.0,3337.0,22867.0,0.7860653557279014
Zardab district,2018,31957.0,21353.0,19497.0,3392.0,22873.0,0.7808978114112616
Zardab district,2019,31958.0,21454.0,20611.0,6368.0,22885.0,0.7685273772326503
Zardab district,2020,31960.0,21487.0,17514.3,6368.0,22909.0,0.7671298886692728
Zardab district,2021,31963.0,21760.0,17440.0,6368.0,22919.0,0.7625465207391133
Zardab district,2022,31965.0,21895.0,15495.0,6369.0,22972.0,0.7596772257350436
Zardab district,2023,31973.0,21436.0,13364.0,8368.0,22475.0,0.7603951223625303
Zardab district,2024,31974.0,20983.0,14085.0,8310.0,21795.0,0.7686214238844188
